<?xml version="1.0" encoding="utf-8" ?>
<component name="QRCode" extends="Poster">
    <script type="text/brightscript" uri="./qrCode.brs" />
    <script type="text/brightscript" uri="./qrCode.high.brs" />
    <script type="text/brightscript" uri="./qrCode.mid.brs" />
    <script type="text/brightscript" uri="./qrCode.low.brs" />
    <script type="text/brightscript" uri="./qrCode.draw.brs" />
    <script type="text/brightscript" uri="./qrCode.mask.brs" />
    <script type="text/brightscript" uri="./qrCode.help.brs" />
    <script type="text/brightscript" uri="./qrSegment.brs" />
    <script type="text/brightscript" uri="./qrCode.utils.brs" />
    <interface>
        <field id="text" type="string" onChange="onTextChanged" />
        <field id="binary" type="string" onChange="onBinaryChanged" />
        <field id="ecl" type="string" value="LOW" />
        <field id="border" type="integer" value="4" />
        <field id="pixel" type="integer" value="8" />
        <field id="lightColor" type="color" value="0xFFFFFFFF" />
        <field id="darkColor" type="color" value="0x000000FF" />
        <field id="minVersion" type="integer" value="1" />
        <field id="maxVersion" type="integer" value="40" />
        <field id="mask" type="integer" value="-1" />
        <field id="boost" type="boolean" value="true" />
    </interface>
</component>
